{"training_time": [4532.380830287933], "episode_rewards": [53320.240802182496, 74936.68283603607, 74566.14199143043, 49937.26094943045, 78063.80167865474, 65796.45990936155, 92634.0853125616, 96733.99116623402, 66895.85896364227, 85030.20689937472, 81020.59839244187, 74947.91654910892, 61612.71818208499, 84531.25792217255, 70336.27653548121, 84685.25240516663, 88934.53744220734, 87697.8573474884, 87362.29942893982, 67638.22558033466, 72807.43631577492, 73154.61452967674, 74424.65067450737, 76318.134015775, 75361.83816719055, 75865.19157187268, 76756.5215266915, 87519.33925904613, 84826.70443575643, 72781.77431586062, 75772.56729327334, 81634.87629473838, 79318.92215871811, 78258.56003357295, 86389.99046987855, 99008.53193092346, 86924.48918104172, 74221.21153966337, 76144.88921753131, 85729.45167160034, 82630.53865613043, 85441.68601417542, 81580.03890037537, 82728.56484174728, 83909.66237926483, 86674.89021873474, 85994.47149562836, 82329.58654785156, 89755.70414733887, 94535.721200943, 75346.4322553873, 73595.19026017189, 85590.19093894958, 100093.96932983398, 75965.10853954291, 83348.89564948529, 84396.75674629211, 90261.8614616394, 94936.72092437744, 86087.29682159424, 86323.60119056702, 76872.81553914669, 84127.76499891281, 80740.09294557571, 79594.7579460144, 93050.83511257172, 75901.96201098344, 92659.63086509705, 99757.22249412537, 80520.62957192957, 77118.50670153435, 77593.30826729862, 90215.40075826645, 88776.24660557508, 72086.20644655824, 75186.42172706127, 95308.56056022644, 81702.02136652917, 75076.67523024976, 68531.5752504915, 74697.15950059891, 84613.99555635452, 77584.16522836685, 96131.38733482361, 78102.17468261719, 75120.15303730965, 80851.40408992767, 94135.67328262329, 78584.30477571487, 83735.30231046677, 80906.26175498962, 87474.75234246254, 86962.41535139084, 76163.1855020523, 78121.91976356506, 81090.54480743408, 81159.76674413681, 89084.48953199387, 99023.01883983612, 74515.2862405777, 78943.15761208534, 79594.00345003232, 76027.36354446411, 72081.35599121451, 72436.64121627808, 82622.31514781713, 92103.80659198761, 88394.96101903915, 82961.22259378433, 89235.49124395847, 71210.99226343632, 89587.51615810394, 89154.95979785919, 86831.66540551186, 68129.7600171566, 88732.0729022026, 83714.60285401344, 92619.05061912537, 90560.25597190857, 67105.79975873232, 76495.728513062, 77381.0407037735, 79831.97320073843, 70995.80604755133, 84061.90961360931, 84888.58747926354, 93195.97736167908, 72125.41533412412, 81261.56278038025, 89445.61221885681, 85939.25428825617, 74193.35653616488, 91279.07711315155, 81652.49114704132, 89999.63283538818, 69456.22706705332, 85637.66647017002, 70373.05554972589, 101730.84394836426, 93376.21175575256, 99936.44983100891, 86159.38824704662, 92465.77275466919, 71932.09590802109, 78794.39531898499, 70445.78653228283, 71574.97582143545, 91770.17050981522, 68281.9948579073, 70286.21390280128, 73432.26343944459, 76475.78413534164, 81435.88099330664, 76867.64453220367, 78028.76989650726, 85233.79595756531, 86872.91630590707, 71572.65802739462, 88744.21118354797, 83482.8915271759, 71096.24330836535, 80662.97533035278, 75230.11883091927, 79172.20104694366, 80685.31359863281, 80578.76360091567, 83872.50688934326, 79497.1320617199, 76402.40817235009, 80782.0018825531, 80222.3402261734, 86593.16873168945, 83363.33797502518, 93518.52647686005, 78393.63457489014, 100170.11813259125, 96736.57525551319, 74472.65879750252, 84741.80011856556, 86916.22355747223, 71224.48585805297, 73633.3513444364, 95452.93528556824, 95884.06414413452, 102081.84673309326, 68653.27531783283, 97286.22257328033, 85540.84099578857, 73883.0182763841, 97793.17629623413, 65473.83730698648, 65315.27723956108, 76364.78661128879, 88250.76071548462, 80309.04242420197, 65916.19557404518, 66208.18867874146, 84619.68444108963, 76594.3185634613, 62823.15721100569], "episode_accuracy": [0.834061875, 0.890442675, 0.755216225, 0.690256125, 0.822061225, 0.7960261249999999, 0.82024935, 0.8505459, 0.775442725, 0.86614695, 0.87031455, 0.7934122, 0.7510475, 0.8295066249999999, 0.784611525, 0.80898615, 0.793267725, 0.8485817, 0.863149375, 0.71350525, 0.796799775, 0.8607709250000001, 0.7690835500000001, 0.802244375, 0.8700809500000001, 0.78703115, 0.863007425, 0.764095675, 0.8664501, 0.8020766749999999, 0.7518483499999999, 0.8284667, 0.8713730000000001, 0.87209175, 0.7357108499999999, 0.8639169, 0.7900183, 0.9073108750000001, 0.8034851, 0.7844029, 0.8543112249999999, 0.875566875, 0.764454075, 0.8383299, 0.828560375, 0.811674525, 0.86733835, 0.77952625, 0.8325250249999999, 0.7695536749999999, 0.7653925500000001, 0.8315845499999999, 0.802638725, 0.8067636499999999, 0.833817175, 0.77492385, 0.8542286750000001, 0.8775941749999999, 0.869456775, 0.817421875, 0.829284, 0.7822371, 0.821113525, 0.80310845, 0.742438025, 0.81711045, 0.82069985, 0.87725895, 0.8792927749999999, 0.7566069, 0.783665675, 0.8245622499999999, 0.842313725, 0.8977510750000001, 0.7975384, 0.73598515, 0.8194040499999999, 0.9290801249999999, 0.811579075, 0.749280225, 0.70153305, 0.897230825, 0.757688175, 0.787070975, 0.7239017249999999, 0.78260095, 0.73810435, 0.8853043, 0.7620453749999999, 0.8795814750000001, 0.818767075, 0.8655771250000001, 0.89983855, 0.7446917, 0.7316271000000001, 0.8179966750000001, 0.877004175, 0.92710435, 0.86381375, 0.7555118749999999, 0.773814475, 0.788295125, 0.8926821499999998, 0.826215575, 0.7990394, 0.8908602999999999, 0.9182284, 0.8248108, 0.848462475, 0.7928085000000001, 0.69412035, 0.8633299999999999, 0.93375565, 0.7854805499999999, 0.7589355000000001, 0.8709418499999999, 0.8875608749999999, 0.89928055, 0.8239263499999999, 0.82745915, 0.7883528, 0.8609405750000001, 0.799225175, 0.825571225, 0.8277504750000001, 0.8612859, 0.81376405, 0.8331622999999999, 0.923125825, 0.8952679, 0.825375675, 0.8156121250000001, 0.840324525, 0.8043921, 0.8217885250000001, 0.7173627, 0.8270573, 0.807866325, 0.849097225, 0.85395665, 0.91504085, 0.7945961500000001, 0.860499875, 0.842566975, 0.8445149249999999, 0.7497804, 0.81533375, 0.8819329749999999, 0.806584575, 0.837825025, 0.767815975, 0.8984480249999999, 0.778282875, 0.875044975, 0.851527225, 0.76721725, 0.7955769, 0.8150787, 0.841408375, 0.811832375, 0.763741075, 0.7077221499999999, 0.744448375, 0.8151997, 0.8728661999999999, 0.81012125, 0.8557825, 0.855606725, 0.79937865, 0.7200626999999999, 0.806984925, 0.9179673, 0.83458015, 0.83269425, 0.8104126, 0.8117800749999999, 0.8879104, 0.7716506, 0.8449506750000001, 0.842262025, 0.8285606750000001, 0.875797025, 0.87017155, 0.900155375, 0.8746610750000001, 0.8824967750000001, 0.8720207249999999, 0.825774375, 0.8282081499999999, 0.83549485, 0.7696559999999999, 0.7545043250000001, 0.8110539250000001, 0.829722575, 0.8128623250000001, 0.8089279500000001, 0.7277319999999999, 0.890401625, 0.8408197000000001, 0.807619775]}