{"training_time": [6292.080151319504], "episode_rewards": [69746.77350813989, 78299.48537535314, 80752.61671007797, 94768.32582934573, 78937.6855264185, 108797.45703884959, 91467.96034112573, 86315.02151571726, 97894.43598541617, 91623.87543280283, 79511.08918472787, 89834.02244158485, 73371.02654522937, 88326.18223223276, 94422.26904308796, 106321.62385921855, 94637.62063672859, 94128.93171336793, 78845.88548964006, 82171.07457202906, 74823.42311183043, 79450.10674856452, 87954.4434752278, 84754.4613531977, 98890.27042239904, 88967.7102546487, 90530.5078804493, 95434.64861658216, 78812.68573165685, 90023.30274615437, 88985.13007886242, 89453.94026245177, 103835.03044531494, 94023.83351103589, 82077.09725132782, 91936.88476059493, 82597.57179014012, 88562.81174628437, 89004.52306874841, 87729.863386526, 97468.01310703158, 87339.15588328987, 86637.48016748577, 81138.94111283228, 86276.68377192318, 86702.29705250263, 85209.00334561244, 88596.83893211186, 86519.78407052532, 91895.30438575149, 84991.05900351703, 86949.84029971808, 76246.249650118, 74427.83510664874, 87368.36157712736, 82822.5405847989, 101066.86152628623, 90184.93134723417, 87023.43976359442, 90960.10630077124, 81364.81459108926, 89680.69950104877, 80216.85255902167, 80092.5840555121, 75012.07466145372, 98163.2525690794, 81549.76896820404, 87958.57888662815, 88425.85722706094, 89868.44715713337, 93865.01220845617, 93978.80671592057, 95352.14789576828, 82463.47991370322, 98030.8291964531, 80803.03175948374, 84560.56953739375, 95883.89373397827, 94237.13834223128, 95762.4445751973, 78231.00369499903, 94801.2236469984, 92074.12515646219, 85767.96405743877, 79718.24001033232, 94612.11790013313, 100268.65660309419, 82708.0225360822, 86845.63889917912, 82100.98497567605, 82841.70865770237, 91901.62996790744, 88840.66037965845, 85804.65758468956, 81099.87880349532, 97527.21950674057, 80090.69244415313, 90582.77690059226, 92034.43111600354, 91927.47914497554, 86481.64941387833, 98889.90113854408, 83754.30327925086, 90117.01195622631, 84787.27216710895, 84030.83182684612, 89695.03854598105, 75246.9020017288, 88180.8163195427, 90425.31702071801, 77700.72113870434, 97575.3383725807, 91782.40284805745, 90386.29191304557, 101090.60422635823, 72616.02195530187, 89230.54627946205, 82646.04327394441, 96545.03217363358, 86404.56923884526, 89060.94119253755, 90886.73511892557, 87833.965193443, 85700.3004438132, 87802.11784514692, 92556.32544025779, 82489.7466467768, 81594.4817339424, 79919.77626064885, 81102.46315171127, 84934.42460794002, 81413.95274596289, 97398.58547073603, 79539.66218718141, 82150.45594441146, 85133.01188927889, 79228.89018967375, 84557.19058380276, 81796.86900062859, 87066.75184432417, 93916.63624416292, 91820.23369395419, 99777.18999433517, 81820.125846738, 99364.48713864014, 99171.95852679014, 83028.16739731503, 90052.84367047623, 89749.79268937185, 103138.33151650429, 91263.12021208741, 93716.715431571, 92220.22877717763, 90905.31763337541, 96595.91454012692, 94910.826329723, 76573.46019067615, 100520.93149757385, 95924.78721304983, 82199.45047214627, 90187.54069194244, 82629.02179591125, 99991.45881533623, 80128.87915010843, 77672.14483786072, 80639.88836840517, 96327.7056593895, 82971.65943939798, 91517.38796842098, 94127.7487745285, 90970.29826784134, 80426.91307086311, 82902.5527362302, 84736.74694170058, 79152.36042696552, 87340.25231075287, 85292.24438506365, 77586.25313026085, 93243.8342013359, 89024.741117239, 81920.11572743952, 97905.19127750397, 94801.77173259854, 93761.88493871689, 87691.04628562927, 83351.29369557463, 80805.1826916337, 86657.9316496551, 92188.45335324481, 80338.83896113746, 83581.2970655933, 90580.79725670442, 87820.13126066327, 86267.62590042502, 89662.10695075989, 97890.10291568935, 100119.49996109307, 77178.558454955, 89209.06129363738, 89608.63350493927], "episode_accuracy": [0.765870625, 0.8061941499999999, 0.835748425, 0.875276925, 0.851274175, 0.8606740749999999, 0.8693476499999999, 0.8340008, 0.903718075, 0.901183725, 0.7363215249999999, 0.9281413, 0.766676475, 0.869486625, 0.881482725, 0.8729369, 0.8368325999999999, 0.928650225, 0.820284625, 0.7670631000000001, 0.8951288, 0.8154203000000001, 0.8889602, 0.8050334499999999, 0.8268962750000001, 0.87638055, 0.758753775, 0.77883555, 0.780612225, 0.837049875, 0.8552797499999999, 0.9084012, 0.851407925, 0.909447825, 0.7404813750000001, 0.84823175, 0.864304225, 0.796556475, 0.779396475, 0.725571375, 0.804061475, 0.81406065, 0.8300100749999999, 0.7918362, 0.930295675, 0.8274154249999999, 0.8821251, 0.914138375, 0.8271510249999999, 0.895282625, 0.874890375, 0.832543625, 0.7342715250000001, 0.7802344499999999, 0.8260832, 0.824528425, 0.855543325, 0.867250125, 0.93393805, 0.8847936, 0.78142795, 0.878346325, 0.926550925, 0.8108898, 0.77825665, 0.8046675249999999, 0.8640294000000001, 0.9026200999999999, 0.770632125, 0.857237975, 0.8574755000000001, 0.89943335, 0.782211175, 0.901275225, 0.7822995249999999, 0.8431064, 0.820913, 0.8160625749999999, 0.7790407250000001, 0.8627345249999999, 0.9016317, 0.76616255, 0.856651925, 0.7243415, 0.8042633249999999, 0.86069865, 0.9116741999999999, 0.872506475, 0.94917885, 0.88230195, 0.763259175, 0.883831275, 0.8833152249999999, 0.762081375, 0.82684115, 0.89318335, 0.9219229750000001, 0.8717353499999999, 0.82966565, 0.8279556499999999, 0.8662225, 0.8299758500000001, 0.8437212, 0.7996282499999999, 0.7895237749999999, 0.8230332499999999, 0.926565925, 0.8089026, 0.854087325, 0.8630765, 0.872836825, 0.853982075, 0.839279575, 0.8702572000000001, 0.8998460749999999, 0.803298975, 0.8934619499999998, 0.8241734999999999, 0.826161775, 0.8350171750000001, 0.82135735, 0.802110175, 0.9182801500000001, 0.8454167499999999, 0.9062742, 0.9142556750000002, 0.79242525, 0.87343855, 0.840536875, 0.942303, 0.84817985, 0.799165125, 0.8996583499999999, 0.782816325, 0.80794905, 0.8744025249999999, 0.7527145250000001, 0.8449573499999999, 0.736754525, 0.8082642250000001, 0.862029675, 0.8227341250000001, 0.8298241000000001, 0.850531025, 0.905076125, 0.9420499500000001, 0.792072125, 0.833657625, 0.791496075, 0.821762975, 0.907435525, 0.9026459250000001, 0.8300021000000001, 0.9051346000000001, 0.826219575, 0.8462780500000001, 0.840669325, 0.888225075, 0.835637675, 0.842795275, 0.900095825, 0.84632635, 0.8996882250000001, 0.8824699250000001, 0.80812855, 0.86325055, 0.910369875, 0.8659423, 0.8821515000000001, 0.863396975, 0.895590025, 0.7662040250000001, 0.8408239, 0.86221425, 0.9213858, 0.9607326, 0.8235939499999999, 0.8378107, 0.8346578, 0.8052115750000001, 0.7985696999999999, 0.872018075, 0.884907825, 0.9133684999999999, 0.752834325, 0.8048917, 0.819038175, 0.8659224999999999, 0.84046355, 0.888987375, 0.88048965, 0.8647691750000001, 0.8428511000000001, 0.8962469, 0.79083925, 0.8415973, 0.8577977749999999, 0.8758461750000001, 0.835406325, 0.83763905]}